{
    "accuracy": 0.9720853858784894,
    "precision": 0.9113636363636364,
    "recall": 0.8642241379310345,
    "auc": 0.9739423440709114
}