{
    "accuracy": 0.9682539682539683,
    "precision": 0.9123222748815166,
    "recall": 0.8297413793103449,
    "auc": 0.9721648335315101
}